<userlist>
<userid>usr01</userid>
<username>xxxx</username>
<address>coimbatore</address>
<phone>9123456789</phone>
<email>xxxx@gmail.com</email>
<userid>usr02</userid>
<username>yyyy</username>
<address>chennai</address>
<phone>9111111111</phone>
<email>yyyy@gmail.com</email>
<userid>usr03</userid>
<username>zzzz</username>
<address>telugana</address>
<phone>9222222222</phone>
<email>zzzz@gmail.com</email>
<userid>usr04</userid>
<username>abcd</username>
<address>bangalore</address>
<phone>9555555555</phone>
<email>abcd@gmail.com</email>
<userid>usr05</userid>
<username>efgh</username>
<address>Perambalur</address>
<phone>9666666666</phone>
<email>efgh@gmail.com</email>
</userlist>

